date,platform,impressions,clicks,cost,conversions,revenue
2024-01-01,Facebook,8596,372,63.56,13,341.12
2024-01-01,Google,7834,126,74.15,8,386.58
2024-01-02,Facebook,7436,219,42.64,9,368.91
2024-01-02,Google,8651,204,61.98,13,332.54
2024-01-03,Facebook,6910,251,56.25,9,365.12
2024-01-03,Google,6305,169,39.0,10,268.21
2024-01-04,Facebook,7279,306,49.21,10,398.07
2024-01-04,Google,7649,119,73.72,5,232.5
2024-01-05,Facebook,8250,319,47.35,21,1071.11
2024-01-05,Google,5648,190,54.1,12,682.5
2024-01-06,Facebook,7861,272,47.84,17,582.59
2024-01-06,Google,7638,157,62.41,7,364.62
2024-01-07,Facebook,7187,180,59.38,10,491.6
2024-01-07,Google,8734,265,54.99,14,344.89
2024-01-08,Facebook,8397,279,44.12,11,363.08
2024-01-08,Google,9170,271,78.41,20,777.77
2024-01-09,Facebook,8433,371,61.1,22,874.54
2024-01-09,Google,7225,183,55.71,7,170.21
2024-01-10,Facebook,8104,266,57.01,17,509.52
2024-01-10,Google,7641,177,68.94,8,184.63
2024-01-11,Facebook,7029,339,57.87,18,987.45
2024-01-11,Google,7397,229,49.9,17,706.75
2024-01-12,Facebook,7157,219,48.01,13,707.58
2024-01-12,Google,7606,115,61.17,6,173.31
2024-01-13,Facebook,7588,368,47.75,18,866.17
2024-01-13,Google,7037,156,69.58,12,360.86
2024-01-14,Facebook,5697,182,29.33,9,360.96
2024-01-14,Google,7968,127,56.69,9,266.24
2024-01-15,Facebook,7958,395,47.5,22,1110.23
2024-01-15,Google,6597,130,58.8,7,317.05
2024-01-16,Facebook,8704,237,72.6,10,274.61
2024-01-16,Google,10628,168,88.89,11,227.3
2024-01-17,Facebook,6139,252,34.98,14,496.57
2024-01-17,Google,8082,272,52.94,14,343.55
2024-01-18,Facebook,8976,407,64.81,20,593.48
2024-01-18,Google,6522,109,62.54,8,362.59
2024-01-19,Facebook,6515,281,55.95,18,921.51
2024-01-19,Google,6415,178,40.65,8,447.54
2024-01-20,Facebook,8351,209,47.13,10,476.76
2024-01-20,Google,7142,200,49.26,13,383.37
2024-01-21,Facebook,9390,387,78.85,21,897.38
2024-01-21,Google,7015,118,52.41,5,148.8
2024-01-22,Facebook,7907,374,59.5,23,922.43
2024-01-22,Google,8409,223,67.02,10,488.98
2024-01-23,Facebook,6714,325,59.19,21,730.93
2024-01-23,Google,8578,131,83.32,7,410.66
2024-01-24,Facebook,6983,323,43.77,11,464.99
2024-01-24,Google,6182,208,54.3,13,310.53
2024-01-25,Facebook,8069,378,64.25,21,1010.09
2024-01-25,Google,6628,147,47.55,10,524.05
2024-01-26,Facebook,8618,387,65.5,22,1140.3
2024-01-26,Google,12623,414,92.8,22,522.7
2024-01-27,Facebook,7417,271,53.18,11,479.97
2024-01-27,Google,8098,126,49.8,9,309.67
2024-01-28,Facebook,8077,357,47.36,19,444.86
2024-01-28,Google,6706,107,54.49,6,272.98
2024-01-29,Facebook,5569,249,33.88,11,254.52
2024-01-29,Google,8223,127,81.0,9,430.55
2024-01-30,Facebook,6559,189,39.36,9,437.25
2024-01-30,Google,7598,214,54.1,16,792.25
2024-01-31,Facebook,10546,374,63.18,16,805.02
2024-01-31,Google,9238,141,59.72,5,108.15
2024-02-01,Facebook,8732,321,47.08,15,584.08
2024-02-01,Google,9129,168,70.62,9,401.71
2024-02-02,Facebook,7671,263,57.56,13,705.37
2024-02-02,Google,8356,235,55.58,10,456.97
2024-02-03,Facebook,8283,401,60.48,18,823.17
2024-02-03,Google,7737,186,63.31,14,496.22
2024-02-04,Facebook,8537,228,53.58,14,293.03
2024-02-04,Google,7452,233,53.11,10,478.69
2024-02-05,Facebook,9279,402,76.22,16,433.56
2024-02-05,Google,8568,257,79.06,20,730.09
2024-02-06,Facebook,9733,326,84.9,20,743.2
2024-02-06,Google,7490,224,67.55,9,504.92
2024-02-07,Facebook,9766,322,83.81,14,286.07
2024-02-07,Google,8225,272,52.35,14,812.03
2024-02-08,Facebook,8316,339,56.5,14,464.05
2024-02-08,Google,8914,253,80.31,18,928.53
2024-02-09,Facebook,8185,216,58.92,10,555.08
2024-02-09,Google,7123,156,46.07,7,353.22
2024-02-10,Facebook,7213,195,56.29,6,317.25
2024-02-10,Google,8492,247,53.72,10,594.66
2024-02-11,Facebook,6462,292,56.79,20,1002.7
2024-02-11,Google,6511,146,41.24,10,423.36
2024-02-12,Facebook,9229,256,64.33,7,271.22
2024-02-12,Google,8008,129,51.85,5,229.84
2024-02-13,Facebook,8823,432,57.34,17,930.65
2024-02-13,Google,10039,195,98.91,7,411.57
2024-02-14,Facebook,8468,227,61.1,15,613.86
2024-02-14,Google,8215,226,72.15,13,586.33
2024-02-15,Facebook,9246,241,56.62,16,889.77
2024-02-15,Google,8420,203,71.41,10,275.25
2024-02-16,Facebook,5651,223,30.01,15,891.73
2024-02-16,Google,7569,219,61.64,11,578.07
2024-02-17,Facebook,7121,340,59.03,23,1127.66
2024-02-17,Google,8790,239,67.45,18,983.57
2024-02-18,Facebook,9615,477,53.86,25,880.89
2024-02-18,Google,7636,262,71.54,19,736.21
2024-02-19,Facebook,6286,166,53.17,10,599.89
2024-02-19,Google,7480,261,61.5,18,1040.23
2024-02-20,Facebook,7659,277,42.25,18,796.45
2024-02-20,Google,8947,175,77.72,11,377.59
2024-02-21,Facebook,8598,326,69.55,16,865.4
2024-02-21,Google,7301,190,60.19,14,505.95
2024-02-22,Facebook,8974,382,52.51,13,267.56
2024-02-22,Google,9842,216,82.28,12,449.99
2024-02-23,Facebook,7876,298,64.07,13,583.49
2024-02-23,Google,9061,292,88.78,13,741.83
2024-02-24,Facebook,6155,224,54.9,11,364.65
2024-02-24,Google,8133,225,56.61,9,226.4
2024-02-25,Facebook,8639,255,55.14,16,623.34
2024-02-25,Google,7072,200,47.31,9,194.71
2024-02-26,Facebook,7563,222,40.5,7,269.02
2024-02-26,Google,7248,138,54.05,8,380.93
2024-02-27,Facebook,7360,344,63.91,11,341.83
2024-02-27,Google,8456,263,76.05,12,340.49
2024-02-28,Facebook,7869,318,50.96,15,748.48
2024-02-28,Google,5437,85,38.11,5,279.04
2024-02-29,Facebook,11894,329,80.76,16,475.18
2024-02-29,Google,9543,194,71.66,7,230.18
2024-03-01,Facebook,7624,213,65.28,11,518.81
2024-03-01,Google,7102,218,56.77,9,373.36
2024-03-02,Facebook,10227,366,56.35,15,517.85
2024-03-02,Google,9046,252,74.93,13,772.99
2024-03-03,Facebook,6721,185,37.71,7,184.99
2024-03-03,Google,9075,169,64.8,7,391.09
2024-03-04,Facebook,8458,298,75.53,10,359.14
2024-03-04,Google,7402,254,70.04,18,545.69
2024-03-05,Facebook,9001,434,65.05,22,686.38
2024-03-05,Google,7226,219,48.76,11,407.19
2024-03-06,Facebook,6446,179,47.97,7,302.75
2024-03-06,Google,8457,152,67.02,9,198.66
2024-03-07,Facebook,7367,195,66.01,8,419.16
2024-03-07,Google,7938,159,69.27,11,482.08
2024-03-08,Facebook,5434,183,47.37,11,644.61
2024-03-08,Google,7443,130,66.42,10,272.49
2024-03-09,Facebook,8503,334,71.15,11,569.92
2024-03-09,Google,8213,156,54.65,7,368.08
2024-03-10,Facebook,8747,297,74.43,13,684.63
2024-03-10,Google,10890,258,81.76,15,480.83
2024-03-11,Facebook,8422,259,72.41,11,459.16
2024-03-11,Google,10411,344,88.46,15,863.9
2024-03-12,Facebook,6625,188,54.17,10,413.38
2024-03-12,Google,9772,321,89.46,14,454.56
2024-03-13,Facebook,9396,242,68.4,14,770.99
2024-03-13,Google,7372,161,68.45,7,377.01
2024-03-14,Facebook,8076,362,45.22,14,684.46
2024-03-14,Google,7225,212,61.88,14,583.93
2024-03-15,Facebook,7471,220,64.5,11,396.37
2024-03-15,Google,6906,167,67.6,7,304.14
2024-03-16,Facebook,11334,288,96.21,19,809.5
2024-03-16,Google,8555,247,82.9,16,417.62
2024-03-17,Facebook,10658,379,84.69,25,1425.57
2024-03-17,Google,10014,240,64.62,19,1017.56
2024-03-18,Facebook,8466,336,55.84,10,334.08
2024-03-18,Google,9713,301,58.46,16,574.83
2024-03-19,Facebook,9387,315,59.96,18,685.6
2024-03-19,Google,8487,165,66.28,7,189.39
2024-03-20,Facebook,5163,247,33.3,13,588.78
2024-03-20,Google,8334,127,72.12,5,292.21
2024-03-21,Facebook,8077,219,72.59,10,438.15
2024-03-21,Google,7072,115,63.65,5,279.61
2024-03-22,Facebook,7711,199,53.12,10,226.28
2024-03-22,Google,7743,236,60.5,14,526.83
2024-03-23,Facebook,9895,285,56.68,18,1041.2
2024-03-23,Google,5911,132,41.87,8,290.79
2024-03-24,Facebook,9522,244,56.06,9,421.88
2024-03-24,Google,9925,152,63.68,10,271.42
2024-03-25,Facebook,6933,190,41.41,11,596.51
2024-03-25,Google,9255,292,70.23,19,535.79
2024-03-26,Facebook,9111,230,48.67,8,168.49
2024-03-26,Google,8028,149,66.89,8,445.65
2024-03-27,Facebook,7772,244,50.66,13,399.39
2024-03-27,Google,9658,265,73.76,16,599.12
2024-03-28,Facebook,8653,381,48.11,24,947.93
2024-03-28,Google,8283,272,76.2,15,313.48
2024-03-29,Facebook,8769,358,52.89,12,640.77
2024-03-29,Google,6347,220,51.43,10,308.92
2024-03-30,Facebook,8635,275,62.32,15,797.85
2024-03-30,Google,7225,138,43.67,6,336.0
2024-03-31,Facebook,8707,348,66.7,12,678.92
2024-03-31,Google,9579,223,72.15,13,284.42
2024-04-01,Facebook,9221,249,68.35,9,320.15
2024-04-01,Google,7729,160,57.37,11,350.73
2024-04-02,Facebook,7460,310,65.25,18,514.76
2024-04-02,Google,11758,183,82.88,11,242.63
2024-04-03,Facebook,11672,389,94.35,13,299.07
2024-04-03,Google,8484,250,67.72,16,598.29
2024-04-04,Facebook,9449,425,73.5,17,741.36
2024-04-04,Google,7925,176,50.45,13,331.15
2024-04-05,Facebook,8510,252,61.0,16,788.62
2024-04-05,Google,9344,290,80.69,19,1025.39
2024-04-06,Facebook,8515,259,76.21,17,366.81
2024-04-06,Google,6606,192,64.08,9,384.46
2024-04-07,Facebook,7302,351,64.87,23,896.28
2024-04-07,Google,9863,317,92.5,16,850.51
2024-04-08,Facebook,8715,267,47.78,8,382.81
2024-04-08,Google,8045,175,71.59,7,228.28
2024-04-09,Facebook,10336,340,77.56,22,981.96
2024-04-09,Google,8835,173,53.87,12,250.21
2024-04-10,Facebook,8698,421,71.28,29,986.83
2024-04-10,Google,9878,299,75.15,17,766.7
2024-04-11,Facebook,8065,286,64.12,11,268.61
2024-04-11,Google,10344,228,73.95,11,322.79
2024-04-12,Facebook,8558,296,66.06,11,637.98
2024-04-12,Google,8881,272,56.46,15,827.47
2024-04-13,Facebook,8540,344,48.41,23,673.14
2024-04-13,Google,9409,318,80.9,20,810.15
2024-04-14,Facebook,7834,239,45.01,14,476.07
2024-04-14,Google,7962,128,78.64,9,513.99
2024-04-15,Facebook,10304,436,57.86,27,782.4
2024-04-15,Google,7915,154,64.49,9,388.83
2024-04-16,Facebook,7864,371,69.38,23,1204.75
2024-04-16,Google,8134,228,66.73,9,327.04
2024-04-17,Facebook,6944,299,48.49,9,259.27
2024-04-17,Google,7722,221,48.68,16,636.89
2024-04-18,Facebook,11632,530,74.34,30,1278.88
2024-04-18,Google,7962,161,75.75,11,509.72
2024-04-19,Facebook,9584,406,73.99,22,1102.39
2024-04-19,Google,9208,167,87.69,12,254.04
2024-04-20,Facebook,8399,280,66.97,10,527.19
2024-04-20,Google,8776,277,70.47,11,346.3
2024-04-21,Facebook,8829,360,53.32,19,790.39
2024-04-21,Google,8655,264,55.63,18,749.71
2024-04-22,Facebook,8485,346,74.06,11,632.38
2024-04-22,Google,8934,256,56.03,13,628.25
2024-04-23,Facebook,8759,294,65.55,9,493.75
2024-04-23,Google,7759,267,76.62,18,453.66
2024-04-24,Facebook,10478,440,71.08,18,1077.93
2024-04-24,Google,8521,200,66.51,9,466.13
2024-04-25,Facebook,7374,199,56.94,11,340.23
2024-04-25,Google,9450,321,62.41,18,1039.4
2024-04-26,Facebook,10815,377,65.94,26,945.71
2024-04-26,Google,7315,240,50.62,11,233.7
2024-04-27,Facebook,7098,330,48.93,22,603.26
2024-04-27,Google,10332,334,94.09,23,1237.2
2024-04-28,Facebook,9371,265,48.07,17,759.32
2024-04-28,Google,10194,315,80.8,14,350.1
2024-04-29,Facebook,7788,233,54.25,7,302.95
2024-04-29,Google,10761,219,98.9,11,420.3
2024-04-30,Facebook,8057,322,49.68,18,979.29
2024-04-30,Google,5691,174,35.05,10,241.97
2024-05-01,Facebook,8795,355,68.69,18,367.04
2024-05-01,Google,7409,159,59.8,6,204.15
2024-05-02,Facebook,7598,297,58.94,18,504.11
2024-05-02,Google,8462,155,54.31,10,482.59
2024-05-03,Facebook,8871,379,75.26,22,1145.52
2024-05-03,Google,8023,174,74.29,7,390.55
2024-05-04,Facebook,10380,376,78.62,19,936.01
2024-05-04,Google,9037,150,56.4,7,184.67
2024-05-05,Facebook,8415,415,53.41,15,773.82
2024-05-05,Google,9308,262,74.4,16,780.29
2024-05-06,Facebook,8845,265,68.29,8,169.81
2024-05-06,Google,8944,180,70.21,13,638.13
2024-05-07,Facebook,8220,276,53.3,19,410.48
2024-05-07,Google,10688,345,88.87,19,931.2
2024-05-08,Facebook,10094,479,67.5,19,830.19
2024-05-08,Google,8753,291,59.89,18,814.72
2024-05-09,Facebook,8049,345,69.51,12,354.02
2024-05-09,Google,9274,319,62.36,23,912.9
2024-05-10,Facebook,9452,341,66.72,15,655.77
2024-05-10,Google,8355,152,63.2,11,333.58
2024-05-11,Facebook,7246,321,40.02,22,839.33
2024-05-11,Google,10192,200,64.15,9,367.12
2024-05-12,Facebook,9995,357,59.92,19,917.15
2024-05-12,Google,8207,150,54.74,6,296.74
2024-05-13,Facebook,8414,387,69.19,20,1094.62
2024-05-13,Google,11292,215,72.81,10,222.83
2024-05-14,Facebook,9673,251,53.09,12,688.26
2024-05-14,Google,8862,188,71.15,7,181.54
2024-05-15,Facebook,9899,360,69.91,17,793.47
2024-05-15,Google,9215,163,56.39,8,385.5
2024-05-16,Facebook,9535,469,51.26,26,981.5
2024-05-16,Google,7535,243,50.55,16,856.39
2024-05-17,Facebook,8980,336,67.09,21,899.31
2024-05-17,Google,9237,144,89.82,9,423.54
2024-05-18,Facebook,9566,333,72.75,11,509.45
2024-05-18,Google,7428,259,46.0,20,725.53
2024-05-19,Facebook,9185,359,73.06,23,831.81
2024-05-19,Google,9306,200,80.69,14,706.88
2024-05-20,Facebook,8442,383,46.27,19,384.38
2024-05-20,Google,10450,224,78.02,12,573.82
2024-05-21,Facebook,7610,235,49.41,9,206.35
2024-05-21,Google,6215,168,53.9,10,385.4
2024-05-22,Facebook,9978,378,69.02,11,370.15
2024-05-22,Google,8410,190,63.88,12,496.13
2024-05-23,Facebook,10461,474,82.35,32,663.34
2024-05-23,Google,9476,179,57.14,11,615.13
2024-05-24,Facebook,8925,236,77.98,10,240.57
2024-05-24,Google,8724,215,61.3,11,355.21
2024-05-25,Facebook,9015,295,67.08,17,525.38
2024-05-25,Google,10470,243,67.92,11,519.69
2024-05-26,Facebook,8926,381,48.45,20,605.25
2024-05-26,Google,7199,246,57.12,17,714.15
2024-05-27,Facebook,8950,436,66.29,27,1494.94
2024-05-27,Google,8284,162,56.73,10,364.41
2024-05-28,Facebook,7307,325,44.57,20,738.99
2024-05-28,Google,7968,225,50.85,14,532.99
2024-05-29,Facebook,7374,320,62.32,12,285.94
2024-05-29,Google,9171,141,78.58,9,376.81
2024-05-30,Facebook,8131,324,56.81,22,560.07
2024-05-30,Google,7156,206,54.51,11,535.74
2024-05-31,Facebook,9482,302,50.42,10,557.68
2024-05-31,Google,10754,202,78.43,9,307.8
2024-06-01,Facebook,9040,241,74.14,9,374.4
2024-06-01,Google,8076,263,69.48,16,527.57
2024-06-02,Facebook,10473,522,80.09,27,1329.1
2024-06-02,Google,7548,183,47.1,11,641.36
2024-06-03,Facebook,9646,289,68.9,9,342.13
2024-06-03,Google,7895,237,58.35,15,777.27
2024-06-04,Facebook,7689,383,66.96,19,1019.95
2024-06-04,Google,8620,219,73.22,9,451.9
2024-06-05,Facebook,9160,408,71.77,12,385.5
2024-06-05,Google,8817,178,65.6,7,402.35
2024-06-06,Facebook,6796,237,46.14,12,487.53
2024-06-06,Google,9609,320,76.76,25,1351.42
2024-06-07,Facebook,9098,314,77.44,20,1044.74
2024-06-07,Google,8881,273,64.11,11,397.31
2024-06-08,Facebook,9643,324,85.85,18,952.19
2024-06-08,Google,7921,139,74.84,10,394.82
2024-06-09,Facebook,10668,313,74.79,14,361.97
2024-06-09,Google,9669,216,60.65,8,203.25
2024-06-10,Facebook,9067,445,61.02,18,724.42
2024-06-10,Google,9635,229,61.88,15,429.62
2024-06-11,Facebook,10836,312,56.84,19,729.45
2024-06-11,Google,10462,169,104.41,7,334.61
2024-06-12,Facebook,8263,349,43.37,17,1017.75
2024-06-12,Google,8637,270,73.08,14,629.38
2024-06-13,Facebook,5935,167,50.72,8,222.28
2024-06-13,Google,10121,226,77.49,16,789.51
2024-06-14,Facebook,8308,211,50.17,12,305.81
2024-06-14,Google,5890,151,40.41,6,177.89
2024-06-15,Facebook,8981,249,64.59,11,591.52
2024-06-15,Google,9695,164,77.1,7,230.91
2024-06-16,Facebook,8792,302,57.83,14,719.61
2024-06-16,Google,11054,363,108.57,25,815.41
2024-06-17,Facebook,8273,259,69.19,8,448.56
2024-06-17,Google,11191,271,95.67,17,948.68
2024-06-18,Facebook,10562,281,74.71,10,494.97
2024-06-18,Google,10873,274,94.82,11,257.31
2024-06-19,Facebook,8561,229,43.22,15,742.51
2024-06-19,Google,9221,203,66.26,10,509.86
2024-06-20,Facebook,7743,227,41.76,12,606.9
2024-06-20,Google,9643,195,58.67,8,469.72
2024-06-21,Facebook,10195,414,66.55,15,372.83
2024-06-21,Google,8091,220,73.62,14,576.97
2024-06-22,Facebook,8227,407,60.94,21,1048.38
2024-06-22,Google,10113,315,87.23,14,469.43
2024-06-23,Facebook,7746,278,57.72,18,533.3
2024-06-23,Google,6640,115,45.08,8,366.66
2024-06-24,Facebook,10032,466,84.13,31,932.78
2024-06-24,Google,8300,249,65.09,18,884.51
2024-06-25,Facebook,9795,288,70.33,19,1092.41
2024-06-25,Google,10408,165,69.31,7,343.27
2024-06-26,Facebook,8365,314,69.95,18,750.41
2024-06-26,Google,9703,260,77.95,13,553.81
2024-06-27,Facebook,9904,405,79.67,14,538.47
2024-06-27,Google,9457,143,66.07,9,537.05
2024-06-28,Facebook,8749,393,50.89,20,986.46
2024-06-28,Google,7979,217,53.87,11,564.87
2024-06-29,Facebook,8839,389,45.44,23,646.28
2024-06-29,Google,9017,308,67.37,16,415.29
2024-06-30,Facebook,9866,492,63.86,23,1124.31
2024-06-30,Google,8552,279,71.6,15,547.57
2024-07-01,Facebook,7369,330,39.59,17,667.06
2024-07-01,Google,10715,298,67.07,18,764.27
2024-07-02,Facebook,11673,489,95.95,19,1007.04
2024-07-02,Google,10650,265,67.18,11,367.06
2024-07-03,Facebook,10035,448,70.94,21,543.86
2024-07-03,Google,10346,223,80.04,9,259.42
2024-07-04,Facebook,11016,550,96.2,30,1105.5
2024-07-04,Google,9956,276,91.02,12,436.75
2024-07-05,Facebook,8753,343,64.34,12,413.87
2024-07-05,Google,10506,227,64.14,9,479.41
2024-07-06,Facebook,9369,304,82.1,12,446.24
2024-07-06,Google,7077,229,66.3,10,521.06
2024-07-07,Facebook,7796,220,41.49,13,518.16
2024-07-07,Google,5753,136,51.31,9,237.21
2024-07-08,Facebook,8001,350,61.03,23,523.44
2024-07-08,Google,9562,154,68.17,7,209.15
2024-07-09,Facebook,8928,283,71.76,13,663.89
2024-07-09,Google,9640,157,76.64,6,135.04
2024-07-10,Facebook,6290,211,54.09,6,279.31
2024-07-10,Google,10260,351,84.55,27,596.44
2024-07-11,Facebook,7324,316,65.37,12,554.0
2024-07-11,Google,8565,162,70.76,9,529.92
2024-07-12,Facebook,7261,202,40.7,7,210.27
2024-07-12,Google,10597,339,87.37,20,491.82
2024-07-13,Facebook,9714,259,76.07,13,302.5
2024-07-13,Google,10031,242,79.63,11,636.11
2024-07-14,Facebook,9723,355,64.63,19,794.53
2024-07-14,Google,10284,167,82.79,12,460.44
2024-07-15,Facebook,8424,245,53.25,14,570.86
2024-07-15,Google,8240,157,78.37,11,603.05
2024-07-16,Facebook,8849,439,71.57,13,293.91
2024-07-16,Google,7324,177,70.58,10,399.13
2024-07-17,Facebook,9558,435,62.33,26,1523.06
2024-07-17,Google,8297,158,67.15,8,413.71
2024-07-18,Facebook,11447,514,75.37,34,1404.92
2024-07-18,Google,10496,190,92.19,13,424.72
2024-07-19,Facebook,8798,260,75.45,14,365.18
2024-07-19,Google,8715,207,73.74,8,442.37
2024-07-20,Facebook,9229,453,61.57,31,1448.22
2024-07-20,Google,10894,301,72.6,22,816.19
2024-07-21,Facebook,10624,456,90.95,15,738.9
2024-07-21,Google,12307,230,116.09,16,666.11
2024-07-22,Facebook,7992,293,66.23,14,480.37
2024-07-22,Google,10567,262,98.41,13,350.36
2024-07-23,Facebook,10208,280,60.83,9,305.26
2024-07-23,Google,9856,236,88.66,15,672.56
2024-07-24,Facebook,10397,382,92.7,21,526.06
2024-07-24,Google,8682,247,63.38,16,364.57
2024-07-25,Facebook,9539,292,79.63,12,548.58
2024-07-25,Google,8889,256,71.56,13,370.58
2024-07-26,Facebook,9816,459,79.16,28,1304.78
2024-07-26,Google,9415,190,90.65,12,509.01
2024-07-27,Facebook,9040,330,76.46,17,598.67
2024-07-27,Google,8030,277,51.74,15,325.21
2024-07-28,Facebook,9598,307,80.94,12,677.17
2024-07-28,Google,9428,283,86.92,11,643.64
2024-07-29,Facebook,8077,369,49.48,23,563.57
2024-07-29,Google,10503,305,85.73,13,385.78
2024-07-30,Facebook,9176,298,67.84,12,383.96
2024-07-30,Google,8836,263,54.72,20,1081.81
2024-07-31,Facebook,10340,489,59.37,16,473.29
2024-07-31,Google,11252,347,69.07,21,1256.17
2024-08-01,Facebook,9484,252,78.96,13,319.77
2024-08-01,Google,10794,182,104.04,12,638.06
2024-08-02,Facebook,9627,365,64.71,15,560.76
2024-08-02,Google,10601,323,89.13,24,905.64
2024-08-03,Facebook,11334,451,88.52,17,688.41
2024-08-03,Google,10977,187,82.75,11,506.98
2024-08-04,Facebook,9547,416,67.07,23,525.26
2024-08-04,Google,10061,202,74.93,11,240.09
2024-08-05,Facebook,8884,437,56.19,21,584.72
2024-08-05,Google,8569,233,61.03,11,447.29
2024-08-06,Facebook,9028,406,65.8,20,634.79
2024-08-06,Google,8497,285,64.48,12,536.19
2024-08-07,Facebook,9017,339,76.62,16,769.45
2024-08-07,Google,8444,294,55.11,14,500.96
2024-08-08,Facebook,7236,345,56.85,18,582.75
2024-08-08,Google,7499,236,73.64,17,341.06
2024-08-09,Facebook,8820,277,46.2,15,711.95
2024-08-09,Google,9576,165,72.16,9,312.86
2024-08-10,Facebook,9146,400,48.33,13,444.48
2024-08-10,Google,8215,277,71.26,18,620.58
2024-08-11,Facebook,9281,379,80.31,20,1098.96
2024-08-11,Google,9422,277,61.08,21,475.81
2024-08-12,Facebook,8027,203,53.69,8,315.52
2024-08-12,Google,9530,252,58.85,11,465.8
2024-08-13,Facebook,10918,450,91.52,25,929.93
2024-08-13,Google,8360,237,59.37,12,618.71
2024-08-14,Facebook,11070,504,93.32,33,1228.9
2024-08-14,Google,9099,194,75.78,10,440.43
2024-08-15,Facebook,10639,365,60.3,17,436.96
2024-08-15,Google,10752,352,79.39,16,336.29
2024-08-16,Facebook,10972,367,58.01,17,551.63
2024-08-16,Google,11074,316,93.28,17,488.17
2024-08-17,Facebook,9368,395,52.11,19,400.93
2024-08-17,Google,9736,244,95.96,13,280.28
2024-08-18,Facebook,9293,269,47.33,16,613.45
2024-08-18,Google,8955,186,85.97,8,465.89
2024-08-19,Facebook,10236,410,85.03,28,883.01
2024-08-19,Google,8999,307,68.01,17,571.46
2024-08-20,Facebook,7967,309,57.1,18,960.23
2024-08-20,Google,9571,227,69.0,11,305.63
2024-08-21,Facebook,9198,292,81.55,15,508.37
2024-08-21,Google,8833,235,57.92,13,585.64
2024-08-22,Facebook,6363,317,54.22,17,727.18
2024-08-22,Google,9056,248,61.63,13,280.52
2024-08-23,Facebook,12573,385,111.35,25,1222.14
2024-08-23,Google,7596,194,72.01,8,412.96
2024-08-24,Facebook,9722,310,82.72,21,544.99
2024-08-24,Google,8988,217,89.2,12,654.5
2024-08-25,Facebook,7272,233,42.27,14,496.46
2024-08-25,Google,10914,275,86.98,17,928.59
2024-08-26,Facebook,9334,426,75.21,22,1281.32
2024-08-26,Google,9742,185,62.71,13,488.36
2024-08-27,Facebook,10112,411,88.03,12,468.88
2024-08-27,Google,5871,168,52.2,11,279.15
2024-08-28,Facebook,8234,371,50.35,14,816.17
2024-08-28,Google,7744,117,77.37,7,371.97
2024-08-29,Facebook,10270,446,57.22,26,1319.68
2024-08-29,Google,10019,282,90.82,20,890.88
2024-08-30,Facebook,9368,252,62.11,11,249.04
2024-08-30,Google,8341,183,53.75,13,752.8
2024-08-31,Facebook,7127,191,49.91,11,531.12
2024-08-31,Google,9655,154,60.75,8,254.49
2024-09-01,Facebook,8677,391,75.64,18,1012.4
2024-09-01,Google,8472,181,66.98,8,364.95
2024-09-02,Facebook,9671,328,73.42,11,611.01
2024-09-02,Google,9932,248,77.44,15,674.87
2024-09-03,Facebook,9851,305,77.39,19,991.01
2024-09-03,Google,9010,234,72.81,10,510.14
2024-09-04,Facebook,9569,307,52.97,16,354.77
2024-09-04,Google,7477,224,54.36,8,323.56
2024-09-05,Facebook,9206,423,46.17,16,794.18
2024-09-05,Google,9786,208,62.7,11,338.97
2024-09-06,Facebook,9028,403,77.35,19,1071.56
2024-09-06,Google,10649,240,104.96,10,474.81
2024-09-07,Facebook,6673,272,52.15,8,213.42
2024-09-07,Google,9438,276,81.79,21,1059.27
2024-09-08,Facebook,9706,314,52.62,19,869.55
2024-09-08,Google,9836,157,73.18,12,480.19
2024-09-09,Facebook,7867,237,50.94,10,220.94
2024-09-09,Google,6844,207,52.47,15,810.21
2024-09-10,Facebook,10346,380,88.15,14,659.58
2024-09-10,Google,8233,223,59.12,10,460.66
2024-09-11,Facebook,8556,351,56.3,20,559.37
2024-09-11,Google,10950,359,78.29,19,424.15
2024-09-12,Facebook,9649,305,80.49,9,316.47
2024-09-12,Google,8397,182,51.03,8,292.37
2024-09-13,Facebook,6525,249,48.16,7,269.95
2024-09-13,Google,9370,321,75.67,21,681.97
2024-09-14,Facebook,10458,397,93.12,13,268.81
2024-09-14,Google,10461,318,96.54,14,428.73
2024-09-15,Facebook,9722,327,63.07,9,287.93
2024-09-15,Google,11458,320,113.4,23,481.71
2024-09-16,Facebook,9808,436,67.01,20,642.33
2024-09-16,Google,9892,161,68.38,8,314.9
2024-09-17,Facebook,9388,248,82.91,16,822.52
2024-09-17,Google,11593,403,94.81,31,713.75
2024-09-18,Facebook,8087,241,44.99,13,666.29
2024-09-18,Google,8860,235,58.37,17,772.45
2024-09-19,Facebook,11496,362,73.35,24,758.88
2024-09-19,Google,8381,204,80.13,13,292.35
2024-09-20,Facebook,8597,243,75.93,12,356.11
2024-09-20,Google,12107,302,105.55,13,402.85
2024-09-21,Facebook,9383,362,63.16,11,292.93
2024-09-21,Google,11247,268,76.89,11,591.21
2024-09-22,Facebook,9084,445,52.58,30,1793.78
2024-09-22,Google,10306,301,102.28,18,546.87
2024-09-23,Facebook,12029,322,90.09,22,607.29
2024-09-23,Google,7964,245,76.71,19,1109.7
2024-09-24,Facebook,10111,444,57.09,21,1023.4
2024-09-24,Google,9622,191,82.39,12,318.1
2024-09-25,Facebook,11380,426,57.45,12,411.37
2024-09-25,Google,10026,336,69.33,21,606.54
2024-09-26,Facebook,10658,460,57.36,21,444.5
2024-09-26,Google,9057,222,78.34,9,284.0
2024-09-27,Facebook,10493,522,54.35,31,1080.94
2024-09-27,Google,9382,214,84.6,16,928.59
2024-09-28,Facebook,7360,328,44.19,17,583.83
2024-09-28,Google,10809,304,75.25,14,794.21
2024-09-29,Facebook,9617,293,49.58,9,243.08
2024-09-29,Google,8455,273,60.28,21,908.56
2024-09-30,Facebook,11971,453,96.19,18,614.2
2024-09-30,Google,7722,253,75.57,19,698.78
2024-10-01,Facebook,9646,361,56.13,19,521.46
2024-10-01,Google,11613,251,109.4,12,274.16
2024-10-02,Facebook,6674,302,55.68,13,620.68
2024-10-02,Google,10038,305,86.51,14,770.49
2024-10-03,Facebook,7665,273,39.48,9,455.6
2024-10-03,Google,10183,152,78.07,9,199.67
2024-10-04,Facebook,8495,261,42.53,15,880.11
2024-10-04,Google,8497,165,73.52,11,593.31
2024-10-05,Facebook,7729,256,60.68,16,436.23
2024-10-05,Google,8986,201,86.34,14,831.52
2024-10-06,Facebook,9082,361,69.42,11,459.58
2024-10-06,Google,11506,335,76.74,23,997.07
2024-10-07,Facebook,10580,342,83.13,20,482.01
2024-10-07,Google,7996,202,64.25,11,630.49
2024-10-08,Facebook,10441,447,71.49,29,1385.73
2024-10-08,Google,10865,321,102.64,16,836.53
2024-10-09,Facebook,9130,304,81.39,19,912.89
2024-10-09,Google,8479,250,69.94,19,757.16
2024-10-10,Facebook,8489,379,67.38,17,357.13
2024-10-10,Google,9335,296,56.44,20,1176.21
2024-10-11,Facebook,7978,340,65.97,17,997.58
2024-10-11,Google,9371,150,75.15,10,545.06
2024-10-12,Facebook,10390,403,68.43,14,764.57
2024-10-12,Google,9168,166,66.37,8,438.85
2024-10-13,Facebook,11071,346,83.03,18,959.64
2024-10-13,Google,10540,349,63.75,23,507.69
2024-10-14,Facebook,7668,250,49.17,13,433.71
2024-10-14,Google,10290,305,78.39,13,667.56
2024-10-15,Facebook,9157,385,57.96,12,419.48
2024-10-15,Google,7751,262,66.4,17,769.95
2024-10-16,Facebook,9368,410,50.64,16,496.84
2024-10-16,Google,8208,194,81.44,8,325.98
2024-10-17,Facebook,9523,413,74.45,19,643.36
2024-10-17,Google,8690,199,61.33,9,353.89
2024-10-18,Facebook,8693,360,77.14,19,438.5
2024-10-18,Google,8595,141,84.28,7,165.78
2024-10-19,Facebook,11808,486,71.67,14,820.41
2024-10-19,Google,11408,228,99.3,15,666.0
2024-10-20,Facebook,8452,337,71.54,22,533.2
2024-10-20,Google,8698,157,85.06,10,553.2
2024-10-21,Facebook,10268,436,79.27,20,412.32
2024-10-21,Google,8208,218,57.56,12,699.64
2024-10-22,Facebook,11149,331,85.73,22,529.67
2024-10-22,Google,9399,142,72.69,6,299.61
2024-10-23,Facebook,9642,303,64.96,17,346.16
2024-10-23,Google,10791,289,91.22,18,534.26
2024-10-24,Facebook,9196,275,78.26,16,328.8
2024-10-24,Google,10116,201,69.37,10,299.02
2024-10-25,Facebook,9719,421,72.18,23,534.66
2024-10-25,Google,8941,304,83.63,21,1111.31
2024-10-26,Facebook,9891,296,73.86,17,841.78
2024-10-26,Google,10691,271,67.07,14,795.63
2024-10-27,Facebook,11087,351,71.77,23,1073.15
2024-10-27,Google,12636,388,98.78,25,748.38
2024-10-28,Facebook,9072,327,68.92,22,496.33
2024-10-28,Google,11863,373,85.05,21,438.41
2024-10-29,Facebook,9830,259,68.46,17,411.67
2024-10-29,Google,7496,227,57.26,15,456.14
2024-10-30,Facebook,9465,253,54.35,14,773.75
2024-10-30,Google,9464,296,82.72,13,410.38
2024-10-31,Facebook,8497,321,60.69,14,478.12
2024-10-31,Google,8809,278,80.67,14,791.72
2024-11-01,Facebook,9849,333,69.16,22,1211.16
2024-11-01,Google,10393,177,78.68,10,401.25
2024-11-02,Facebook,10440,437,87.19,28,1398.16
2024-11-02,Google,9623,228,81.24,10,469.46
2024-11-03,Facebook,10666,327,58.35,11,220.88
2024-11-03,Google,8897,261,79.45,15,396.82
2024-11-04,Facebook,9148,252,53.88,12,531.72
2024-11-04,Google,8489,168,52.89,9,264.31
2024-11-05,Facebook,11225,397,75.38,20,957.14
2024-11-05,Google,12506,363,83.62,21,766.04
2024-11-06,Facebook,10393,398,56.76,21,518.45
2024-11-06,Google,11109,241,73.0,16,452.0
2024-11-07,Facebook,11030,332,77.55,15,310.87
2024-11-07,Google,9718,299,60.99,17,721.26
2024-11-08,Facebook,11757,368,59.25,21,869.95
2024-11-08,Google,11196,355,103.96,26,1024.5
2024-11-09,Facebook,11315,410,64.88,26,1437.86
2024-11-09,Google,9249,224,58.29,12,625.7
2024-11-10,Facebook,9948,265,84.65,12,500.05
2024-11-10,Google,10069,345,63.09,22,505.21
2024-11-11,Facebook,11440,409,102.83,21,689.78
2024-11-11,Google,9409,182,69.65,9,204.74
2024-11-12,Facebook,9274,399,70.73,23,467.69
2024-11-12,Google,7353,142,63.58,8,161.7
2024-11-13,Facebook,10718,414,56.44,25,1083.71
2024-11-13,Google,10802,330,97.29,23,936.57
2024-11-14,Facebook,10491,425,83.6,15,416.99
2024-11-14,Google,8966,294,80.69,22,1107.67
2024-11-15,Facebook,12039,568,88.07,31,814.03
2024-11-15,Google,11285,276,100.05,14,393.26
2024-11-16,Facebook,8692,264,58.23,17,684.8
2024-11-16,Google,9058,169,57.14,11,388.43
2024-11-17,Facebook,10612,476,64.6,27,825.19
2024-11-17,Google,11236,379,96.02,20,615.61
2024-11-18,Facebook,10716,326,79.1,13,604.22
2024-11-18,Google,8861,277,80.74,19,522.67
2024-11-19,Facebook,10312,352,69.39,10,303.83
2024-11-19,Google,9353,146,89.01,7,296.05
2024-11-20,Facebook,10114,334,86.9,21,693.24
2024-11-20,Google,9683,319,96.68,23,1237.28
2024-11-21,Facebook,10563,281,56.83,19,628.25
2024-11-21,Google,8157,244,75.26,18,1078.29
2024-11-22,Facebook,8779,224,56.55,13,554.41
2024-11-22,Google,9707,206,83.65,10,205.75
2024-11-23,Facebook,10746,473,55.4,30,1343.43
2024-11-23,Google,11594,304,98.53,22,956.5
2024-11-24,Facebook,10173,446,68.86,25,889.23
2024-11-24,Google,10028,196,84.11,15,857.48
2024-11-25,Facebook,10441,316,93.79,21,965.59
2024-11-25,Google,7479,232,66.27,14,309.87
2024-11-26,Facebook,12344,517,80.14,34,907.61
2024-11-26,Google,9393,234,82.32,15,689.18
2024-11-27,Facebook,9109,372,67.38,13,626.67
2024-11-27,Google,9417,226,81.66,16,428.63
2024-11-28,Facebook,11864,545,97.42,37,1533.18
2024-11-28,Google,11024,273,83.87,12,514.85
2024-11-29,Facebook,10463,414,77.13,18,397.43
2024-11-29,Google,9754,152,75.04,6,265.64
2024-11-30,Facebook,8643,402,73.85,15,742.46
2024-11-30,Google,10747,222,98.99,17,360.42
2024-12-01,Facebook,10503,518,72.05,33,742.36
2024-12-01,Google,11184,242,70.1,19,1000.9
2024-12-02,Facebook,9952,266,58.15,10,387.64
2024-12-02,Google,9304,189,59.58,8,207.13
2024-12-03,Facebook,10125,323,82.96,13,415.68
2024-12-03,Google,10775,211,70.24,10,342.13
2024-12-04,Facebook,9652,292,79.49,10,337.06
2024-12-04,Google,10417,336,68.96,14,551.34
2024-12-05,Facebook,10887,490,60.41,26,1045.73
2024-12-05,Google,8056,144,68.44,7,276.59
2024-12-06,Facebook,10103,329,83.75,10,367.44
2024-12-06,Google,9200,222,81.88,13,606.95
2024-12-07,Facebook,10778,354,77.09,22,1310.72
2024-12-07,Google,10642,348,79.66,16,633.21
2024-12-08,Facebook,10137,375,84.67,16,870.27
2024-12-08,Google,12244,283,89.54,16,807.97
2024-12-09,Facebook,9907,483,56.49,25,1079.31
2024-12-09,Google,9840,243,84.42,11,463.17
2024-12-10,Facebook,11972,341,87.2,12,373.75
2024-12-10,Google,8798,170,59.22,12,377.14
2024-12-11,Facebook,8874,304,72.69,13,305.25
2024-12-11,Google,10464,273,98.16,19,513.09
2024-12-12,Facebook,8877,270,75.42,10,305.3
2024-12-12,Google,11017,165,104.47,11,496.02
2024-12-13,Facebook,9435,343,60.43,11,433.9
2024-12-13,Google,10750,359,66.22,18,509.43
2024-12-14,Facebook,10550,387,72.43,23,602.13
2024-12-14,Google,9975,246,77.01,15,899.73
2024-12-15,Facebook,9568,437,54.37,13,366.31
2024-12-15,Google,11866,258,95.43,16,902.79
2024-12-16,Facebook,10809,283,55.55,14,525.38
2024-12-16,Google,14911,473,99.05,19,721.27
2024-12-17,Facebook,9516,382,58.28,14,492.66
2024-12-17,Google,10595,328,80.19,22,550.43
2024-12-18,Facebook,9322,390,67.71,26,922.82
2024-12-18,Google,11109,181,67.51,13,532.86
2024-12-19,Facebook,9337,313,47.81,21,981.01
2024-12-19,Google,11094,373,78.35,24,1131.36
2024-12-20,Facebook,11242,547,96.0,32,995.15
2024-12-20,Google,9653,199,95.12,8,389.14
2024-12-21,Facebook,11251,559,70.29,24,555.78
2024-12-21,Google,11967,285,84.3,15,800.74
2024-12-22,Facebook,10968,291,58.89,10,438.09
2024-12-22,Google,9971,179,98.44,10,400.61
2024-12-23,Facebook,9975,414,79.85,24,1034.78
2024-12-23,Google,8243,272,76.41,19,422.26
2024-12-24,Facebook,9061,317,77.37,20,1127.34
2024-12-24,Google,12296,261,107.76,13,359.12
2024-12-25,Facebook,9565,341,79.62,11,543.37
2024-12-25,Google,8932,228,63.88,13,415.97
2024-12-26,Facebook,8558,249,46.78,12,673.16
2024-12-26,Google,12584,275,112.4,18,1030.72
2024-12-27,Facebook,10516,435,90.37,20,661.44
2024-12-27,Google,11726,178,109.12,12,290.14
2024-12-28,Facebook,8843,247,78.9,9,204.2
2024-12-28,Google,13094,352,117.26,14,648.88
2024-12-29,Facebook,9057,265,65.86,11,632.86
2024-12-29,Google,10292,322,102.24,16,940.62
2024-12-30,Facebook,7910,207,41.22,11,421.49
2024-12-30,Google,9167,179,77.52,8,344.84
2024-12-31,Facebook,11499,523,79.45,23,793.56
2024-12-31,Google,9634,299,70.45,14,327.43
2025-01-01,Facebook,8576,394,50.47,17,889.72
2025-01-01,Google,7001,220,52.78,12,385.58
2025-01-02,Facebook,10628,406,54.53,19,689.89
2025-01-02,Google,10939,199,94.36,15,637.31
2025-01-03,Facebook,9988,353,54.59,19,1093.25
2025-01-03,Google,10604,299,66.88,16,672.42
2025-01-04,Facebook,11790,534,87.8,23,694.91
2025-01-04,Google,9996,171,74.17,9,423.3
2025-01-05,Facebook,9733,339,55.74,12,637.11
2025-01-05,Google,10645,168,81.72,7,386.21
2025-01-06,Facebook,8582,322,68.02,22,633.99
2025-01-06,Google,10785,352,105.02,26,1180.83
2025-01-07,Facebook,8876,388,63.24,22,817.04
2025-01-07,Google,12443,368,115.69,16,853.08
2025-01-08,Facebook,11840,423,77.15,28,841.31
2025-01-08,Google,10568,336,83.87,20,646.77
2025-01-09,Facebook,8218,213,50.03,6,354.81
2025-01-09,Google,11311,388,85.74,26,879.64
2025-01-10,Facebook,11650,566,76.9,34,1041.66
2025-01-10,Google,11100,386,67.74,24,1113.13
2025-01-11,Facebook,9524,461,54.52,25,722.68
2025-01-11,Google,10833,229,88.68,12,316.91
2025-01-12,Facebook,10038,440,86.25,14,500.14
2025-01-12,Google,8948,152,54.28,10,440.98
2025-01-13,Facebook,9819,251,81.89,17,432.11
2025-01-13,Google,9665,189,91.56,14,514.99
2025-01-14,Facebook,8108,208,59.46,6,308.97
2025-01-14,Google,11981,253,73.82,16,574.52
2025-01-15,Facebook,10449,333,81.9,13,730.21
2025-01-15,Google,10931,245,89.63,10,370.45
2025-01-16,Facebook,10918,334,64.46,20,1144.32
2025-01-16,Google,10964,185,85.52,9,493.45
2025-01-17,Facebook,6911,230,45.46,11,291.0
2025-01-17,Google,9950,263,91.76,18,470.81
2025-01-18,Facebook,9849,335,65.34,19,423.08
2025-01-18,Google,9566,150,72.39,10,277.37
2025-01-19,Facebook,8819,415,75.69,17,496.4
2025-01-19,Google,11331,263,78.89,17,901.72
2025-01-20,Facebook,11574,404,65.11,24,826.06
2025-01-20,Google,11026,313,78.09,13,776.14
2025-01-21,Facebook,11471,535,70.64,26,1164.17
2025-01-21,Google,12595,292,97.11,15,638.54
2025-01-22,Facebook,9953,481,77.2,30,1267.43
2025-01-22,Google,10924,334,66.25,24,518.53
2025-01-23,Facebook,9257,408,55.65,26,626.96
2025-01-23,Google,9587,167,95.07,11,592.63
2025-01-24,Facebook,11820,471,87.62,26,1118.37
2025-01-24,Google,8986,211,63.83,14,406.71
2025-01-25,Facebook,9139,371,73.01,14,313.57
2025-01-25,Google,11308,199,95.26,14,305.2
2025-01-26,Facebook,9383,346,81.78,14,540.59
2025-01-26,Google,11899,181,75.28,9,190.03
2025-01-27,Facebook,9114,352,51.94,14,651.74
2025-01-27,Google,12693,435,78.72,32,1378.41
2025-01-28,Facebook,10414,278,55.81,15,504.58
2025-01-28,Google,13842,461,105.56,21,1020.36
2025-01-29,Facebook,10674,453,91.81,27,1270.47
2025-01-29,Google,8170,233,79.93,12,240.53
2025-01-30,Facebook,9342,388,70.39,20,412.99
2025-01-30,Google,9545,282,69.62,18,760.74
2025-01-31,Facebook,9346,255,77.82,17,781.86
2025-01-31,Google,9946,169,75.67,11,563.12
2025-02-01,Facebook,9500,297,47.99,15,810.69
2025-02-01,Google,12226,417,101.02,25,585.06
2025-02-02,Facebook,8017,322,52.55,12,285.58
2025-02-02,Google,11651,248,74.41,11,654.43
2025-02-03,Facebook,12302,576,110.5,30,1574.97
2025-02-03,Google,7614,163,55.0,9,422.1
2025-02-04,Facebook,9215,261,69.39,9,388.26
2025-02-04,Google,11964,345,105.31,24,1317.95
2025-02-05,Facebook,12713,514,73.06,15,470.72
2025-02-05,Google,10599,252,89.76,18,501.3
2025-02-06,Facebook,10535,417,75.49,13,289.65
2025-02-06,Google,9421,161,78.59,9,264.15
2025-02-07,Facebook,11924,310,83.38,17,511.57
2025-02-07,Google,11170,236,94.44,17,890.75
2025-02-08,Facebook,12507,426,94.6,20,551.95
2025-02-08,Google,11288,327,92.85,17,959.71
2025-02-09,Facebook,9368,392,61.68,23,877.85
2025-02-09,Google,12076,280,117.61,14,347.45
2025-02-10,Facebook,11113,382,58.32,16,643.8
2025-02-10,Google,10692,195,92.3,15,571.04
2025-02-11,Facebook,9216,256,78.64,11,390.4
2025-02-11,Google,8575,241,66.61,15,336.87
2025-02-12,Facebook,11080,318,76.56,17,735.58
2025-02-12,Google,10757,247,79.09,11,392.37
2025-02-13,Facebook,11207,338,58.66,17,744.76
2025-02-13,Google,9726,315,80.8,16,833.93
2025-02-14,Facebook,9620,376,83.04,17,541.5
2025-02-14,Google,10693,191,70.64,10,438.27
2025-02-15,Facebook,11206,512,59.62,25,1130.09
2025-02-15,Google,12386,391,113.13,19,1095.07
2025-02-16,Facebook,11123,439,97.26,24,942.03
2025-02-16,Google,7561,235,74.11,9,533.71
2025-02-17,Facebook,9790,352,74.17,15,332.74
2025-02-17,Google,10116,273,97.21,15,429.8
2025-02-18,Facebook,9871,449,81.98,24,818.98
2025-02-18,Google,10507,325,86.35,23,1040.94
2025-02-19,Facebook,11159,394,98.55,20,884.07
2025-02-19,Google,12215,237,103.86,14,383.51
2025-02-20,Facebook,10774,475,76.43,18,839.9
2025-02-20,Google,9863,163,76.61,7,191.65
2025-02-21,Facebook,10026,263,66.08,13,511.31
2025-02-21,Google,9093,206,85.08,9,362.05
2025-02-22,Facebook,12634,593,91.36,40,877.91
2025-02-22,Google,12876,218,79.53,10,416.51
2025-02-23,Facebook,10105,491,84.57,20,461.75
2025-02-23,Google,10758,197,70.01,8,325.94
2025-02-24,Facebook,9739,484,75.35,32,822.47
2025-02-24,Google,9058,205,74.45,8,161.34
2025-02-25,Facebook,11984,422,83.39,19,398.24
2025-02-25,Google,12263,266,82.26,11,640.96
2025-02-26,Facebook,12436,408,81.74,16,382.06
2025-02-26,Google,11397,211,104.74,14,586.28
2025-02-27,Facebook,11578,310,70.89,13,666.86
2025-02-27,Google,10542,367,73.4,27,1437.07
2025-02-28,Facebook,9997,352,89.1,13,675.56
2025-02-28,Google,8953,194,79.89,11,474.48
2025-03-01,Facebook,11321,528,59.3,30,767.98
2025-03-01,Google,11370,265,93.17,14,570.98
2025-03-02,Facebook,9641,273,54.33,18,993.31
2025-03-02,Google,12754,422,127.11,20,684.35
2025-03-03,Facebook,10562,374,67.93,20,860.47
2025-03-03,Google,13281,242,104.75,15,642.17
2025-03-04,Facebook,11614,297,74.55,18,766.0
2025-03-04,Google,9825,198,86.26,12,622.2
2025-03-05,Facebook,11624,432,64.31,17,624.99
2025-03-05,Google,12559,338,101.16,17,344.4
2025-03-06,Facebook,8591,372,43.78,19,1095.52
2025-03-06,Google,10761,198,84.87,8,360.22
2025-03-07,Facebook,8172,310,70.17,11,229.93
2025-03-07,Google,12233,394,101.64,29,1272.46
2025-03-08,Facebook,10443,456,90.35,24,653.55
2025-03-08,Google,12374,252,84.08,12,387.08
2025-03-09,Facebook,13349,476,99.61,15,352.67
2025-03-09,Google,12397,228,100.07,11,344.65
2025-03-10,Facebook,12287,311,93.35,17,883.09
2025-03-10,Google,10324,347,62.78,16,887.15
2025-03-11,Facebook,13564,563,104.66,37,2215.49
2025-03-11,Google,9024,265,64.51,19,417.41
2025-03-12,Facebook,11203,351,65.9,12,652.37
2025-03-12,Google,10527,263,91.58,13,654.18
2025-03-13,Facebook,9864,347,57.59,23,1053.95
2025-03-13,Google,12098,407,87.27,29,1468.4
2025-03-14,Facebook,9617,401,76.14,21,593.73
2025-03-14,Google,10459,262,75.81,14,641.32
2025-03-15,Facebook,9798,344,59.54,13,667.36
2025-03-15,Google,11716,388,87.65,27,1508.75
2025-03-16,Facebook,10393,508,67.62,22,494.94
2025-03-16,Google,11244,277,72.37,13,424.81
2025-03-17,Facebook,11110,361,93.71,23,1163.48
2025-03-17,Google,11055,198,96.86,15,709.52
2025-03-18,Facebook,10808,444,76.11,15,487.24
2025-03-18,Google,8296,257,78.36,11,639.05
2025-03-19,Facebook,12231,535,100.88,36,1170.6
2025-03-19,Google,9290,298,60.63,20,993.58
2025-03-20,Facebook,9428,441,53.51,14,681.78
2025-03-20,Google,11784,288,110.73,15,400.97
2025-03-21,Facebook,11014,327,86.81,16,706.76
2025-03-21,Google,12275,297,114.34,21,1015.89
2025-03-22,Facebook,12261,417,104.43,24,588.09
2025-03-22,Google,12068,279,115.2,11,643.02
2025-03-23,Facebook,12078,383,72.41,25,798.27
2025-03-23,Google,12543,382,94.98,17,347.29
2025-03-24,Facebook,11308,387,72.7,16,653.15
2025-03-24,Google,10847,258,103.26,15,604.65
2025-03-25,Facebook,10582,439,78.11,20,737.75
2025-03-25,Google,10672,327,72.39,23,1056.85
2025-03-26,Facebook,9360,294,74.96,14,459.68
2025-03-26,Google,8020,215,80.06,12,681.93
2025-03-27,Facebook,10250,308,68.42,11,220.1
2025-03-27,Google,10608,353,99.46,24,641.1
2025-03-28,Facebook,11186,400,61.26,20,679.07
2025-03-28,Google,11001,247,93.35,16,390.79
2025-03-29,Facebook,12303,412,83.37,23,928.18
2025-03-29,Google,10262,330,97.12,13,664.58
2025-03-30,Facebook,11132,412,99.6,24,718.66
2025-03-30,Google,10773,277,107.39,20,477.89
2025-03-31,Facebook,9629,242,63.69,9,474.79
2025-03-31,Google,12364,268,115.11,10,323.13
2025-04-01,Facebook,10061,268,57.84,13,411.51
2025-04-01,Google,10088,235,75.74,17,955.6
2025-04-02,Facebook,8509,235,75.0,7,223.34
2025-04-02,Google,10896,228,79.34,10,513.26
2025-04-03,Facebook,11379,319,60.11,21,579.71
2025-04-03,Google,9937,312,81.27,13,756.83
2025-04-04,Facebook,11703,341,98.49,10,404.71
2025-04-04,Google,10505,319,102.31,24,1266.84
2025-04-05,Facebook,10802,346,66.5,15,535.99
2025-04-05,Google,11254,291,74.72,19,507.35
2025-04-06,Facebook,11041,495,87.86,27,708.24
2025-04-06,Google,8637,224,54.84,12,438.49
2025-04-07,Facebook,10540,310,69.24,21,538.61
2025-04-07,Google,10851,328,69.82,25,881.62
2025-04-08,Facebook,10195,414,58.81,14,805.32
2025-04-08,Google,12406,413,118.48,26,1360.6
2025-04-09,Facebook,10756,353,81.13,15,389.1
2025-04-09,Google,10366,279,95.96,15,379.36
2025-04-10,Facebook,10262,333,77.7,17,813.33
2025-04-10,Google,10148,225,94.34,10,387.62
2025-04-11,Facebook,10370,287,88.51,12,568.26
2025-04-11,Google,11592,179,101.55,9,200.07
2025-04-12,Facebook,9325,323,49.63,11,351.11
2025-04-12,Google,11709,196,112.91,7,275.48
2025-04-13,Facebook,10553,508,59.59,34,959.88
2025-04-13,Google,10125,302,82.89,22,927.51
2025-04-14,Facebook,9331,272,80.86,11,383.72
2025-04-14,Google,11189,337,82.3,26,1287.44
2025-04-15,Facebook,12140,318,73.18,15,436.19
2025-04-15,Google,11291,337,109.26,19,640.02
2025-04-16,Facebook,10923,406,69.98,26,1111.71
2025-04-16,Google,11643,352,107.67,18,672.26
2025-04-17,Facebook,10528,472,92.27,25,1241.63
2025-04-17,Google,12201,379,114.45,21,463.06
2025-04-18,Facebook,13002,471,103.96,20,907.8
2025-04-18,Google,9868,184,88.79,11,309.79
2025-04-19,Facebook,12211,452,71.61,31,1506.76
2025-04-19,Google,9986,340,76.98,20,1118.36
2025-04-20,Facebook,13226,414,89.76,14,395.35
2025-04-20,Google,11269,169,69.38,13,386.02
2025-04-21,Facebook,12152,471,68.2,27,1188.27
2025-04-21,Google,11554,342,104.9,27,1159.45
2025-04-22,Facebook,12499,333,107.36,11,364.25
2025-04-22,Google,9400,294,78.86,16,623.0
2025-04-23,Facebook,10505,491,56.23,29,1563.16
2025-04-23,Google,12096,225,93.4,10,482.64
2025-04-24,Facebook,13620,407,79.64,12,394.59
2025-04-24,Google,11684,306,110.2,20,748.32
2025-04-25,Facebook,11059,348,57.63,20,497.04
2025-04-25,Google,11922,251,96.92,15,660.35
2025-04-26,Facebook,10523,425,93.44,25,1422.6
2025-04-26,Google,9677,292,80.97,13,606.68
2025-04-27,Facebook,12635,470,89.89,20,815.45
2025-04-27,Google,12968,245,119.57,11,257.39
2025-04-28,Facebook,13308,478,81.27,25,847.0
2025-04-28,Google,10070,338,97.58,20,662.31
2025-04-29,Facebook,8506,408,42.94,21,1042.16
2025-04-29,Google,10615,262,67.32,20,814.41
2025-04-30,Facebook,9359,347,62.86,11,266.71
2025-04-30,Google,11711,371,81.5,17,683.34
2025-05-01,Facebook,10018,259,52.2,16,395.5
2025-05-01,Google,11438,181,88.66,13,396.45
2025-05-02,Facebook,10578,383,77.33,20,665.94
2025-05-02,Google,11094,236,71.3,12,287.76
2025-05-03,Facebook,13118,421,98.69,20,785.61
2025-05-03,Google,12162,366,86.69,19,1082.73
2025-05-04,Facebook,11173,534,83.14,27,809.72
2025-05-04,Google,10373,226,97.59,14,568.26
2025-05-05,Facebook,11074,443,58.9,25,1432.57
2025-05-05,Google,11671,309,75.91,19,962.42
2025-05-06,Facebook,12354,509,106.21,27,681.79
2025-05-06,Google,10915,231,74.3,17,857.07
2025-05-07,Facebook,9772,289,78.43,14,406.44
2025-05-07,Google,12464,340,76.79,18,697.36
2025-05-08,Facebook,10733,322,86.68,15,639.25
2025-05-08,Google,10833,167,66.49,9,474.0
2025-05-09,Facebook,12231,424,101.74,14,803.82
2025-05-09,Google,11295,339,110.3,22,759.8
2025-05-10,Facebook,11063,368,86.33,22,1257.88
2025-05-10,Google,11465,218,105.39,15,338.28
2025-05-11,Facebook,9399,306,83.95,17,828.02
2025-05-11,Google,10265,354,77.08,25,934.53
2025-05-12,Facebook,10959,533,64.39,22,1105.45
2025-05-12,Google,11478,262,96.79,15,745.42
2025-05-13,Facebook,10908,318,70.02,14,312.14
2025-05-13,Google,8931,238,85.18,10,439.12
2025-05-14,Facebook,10143,431,67.38,21,426.18
2025-05-14,Google,13358,385,115.48,15,520.95
2025-05-15,Facebook,11132,417,96.18,24,1038.79
2025-05-15,Google,11605,359,109.75,20,780.09
2025-05-16,Facebook,11666,494,62.21,31,1215.89
2025-05-16,Google,11086,181,90.89,10,551.1
2025-05-17,Facebook,11831,460,61.74,31,1255.64
2025-05-17,Google,10627,221,83.72,16,515.14
2025-05-18,Facebook,10843,351,88.05,17,494.69
2025-05-18,Google,10904,199,79.94,15,505.82
2025-05-19,Facebook,11188,329,95.82,15,725.8
2025-05-19,Google,11568,401,71.73,17,829.91
2025-05-20,Facebook,10184,264,51.81,16,406.04
2025-05-20,Google,10498,255,88.43,14,295.18
2025-05-21,Facebook,11674,418,83.38,20,711.37
2025-05-21,Google,11516,377,110.27,20,892.06
2025-05-22,Facebook,7590,242,67.06,8,345.55
2025-05-22,Google,11885,245,84.57,13,779.37
2025-05-23,Facebook,11332,306,63.66,14,565.86
2025-05-23,Google,10448,210,75.91,9,289.16
2025-05-24,Facebook,12157,580,61.09,36,2085.65
2025-05-24,Google,8968,150,59.6,11,456.52
2025-05-25,Facebook,13427,581,120.6,24,996.69
2025-05-25,Google,10621,272,80.96,12,709.18
2025-05-26,Facebook,11193,448,66.14,23,1099.37
2025-05-26,Google,12614,319,125.65,20,696.78
2025-05-27,Facebook,10466,362,66.86,17,871.61
2025-05-27,Google,11805,291,108.32,18,606.29
2025-05-28,Facebook,10492,321,73.63,12,244.36
2025-05-28,Google,12038,336,96.84,19,1114.9
2025-05-29,Facebook,12490,355,90.89,22,953.13
2025-05-29,Google,11452,336,85.75,14,536.42
2025-05-30,Facebook,12397,385,109.92,26,777.54
2025-05-30,Google,10855,238,104.02,18,679.28
2025-05-31,Facebook,11549,487,70.38,28,617.86
2025-05-31,Google,8805,140,66.44,7,228.38
2025-06-01,Facebook,8973,267,55.97,18,656.0
2025-06-01,Google,11278,269,93.68,21,622.95
2025-06-02,Facebook,12791,513,68.49,29,654.35
2025-06-02,Google,12567,338,112.58,16,858.64
2025-06-03,Facebook,9619,272,84.77,8,223.71
2025-06-03,Google,11149,244,94.55,15,375.39
2025-06-04,Facebook,10218,309,67.89,17,487.87
2025-06-04,Google,10448,233,79.03,18,1047.36
2025-06-05,Facebook,10643,284,66.71,11,442.61
2025-06-05,Google,12278,375,115.82,27,928.45
2025-06-06,Facebook,10047,266,78.43,8,290.94
2025-06-06,Google,12753,275,111.89,19,611.11
2025-06-07,Facebook,10685,386,84.5,22,1308.88
2025-06-07,Google,12480,243,107.94,15,849.06
2025-06-08,Facebook,11967,469,72.98,22,733.72
2025-06-08,Google,10625,282,101.53,17,769.57
2025-06-09,Facebook,10615,327,73.97,13,354.52
2025-06-09,Google,11432,286,83.35,14,539.83
2025-06-10,Facebook,11885,328,96.31,20,1014.21
2025-06-10,Google,12259,211,105.13,15,646.41
2025-06-11,Facebook,10684,408,54.89,22,511.67
2025-06-11,Google,13917,329,99.79,20,506.73
2025-06-12,Facebook,12593,366,68.22,13,716.11
2025-06-12,Google,12175,311,95.81,13,597.77
2025-06-13,Facebook,11588,471,61.43,16,351.56
2025-06-13,Google,11611,233,75.97,11,389.43
2025-06-14,Facebook,11575,530,90.76,18,889.86
2025-06-14,Google,12102,248,103.55,13,778.79
2025-06-15,Facebook,10319,498,52.61,28,1372.37
2025-06-15,Google,10242,324,101.37,25,565.28
2025-06-16,Facebook,11984,493,66.07,27,1601.08
2025-06-16,Google,12686,421,98.4,17,586.36
2025-06-17,Facebook,12049,439,62.9,20,775.22
2025-06-17,Google,12451,417,106.63,21,861.27
2025-06-18,Facebook,10978,371,84.86,20,972.26
2025-06-18,Google,8737,177,63.45,7,323.54
2025-06-19,Facebook,11522,538,98.67,25,959.3
2025-06-19,Google,10820,178,93.95,12,357.43
2025-06-20,Facebook,12808,601,76.5,31,858.69
2025-06-20,Google,11072,188,106.78,13,655.22
2025-06-21,Facebook,9075,350,48.69,21,909.25
2025-06-21,Google,10486,196,70.81,9,200.52
2025-06-22,Facebook,12779,325,66.4,17,897.26
2025-06-22,Google,11755,253,86.97,16,495.5
2025-06-23,Facebook,12826,558,98.77,21,716.08
2025-06-23,Google,13619,238,88.79,15,815.16
2025-06-24,Facebook,11528,341,62.51,21,906.16
2025-06-24,Google,11864,324,108.27,22,1174.32
2025-06-25,Facebook,10846,444,67.86,30,640.11
2025-06-25,Google,12307,327,82.04,22,594.78
2025-06-26,Facebook,11359,543,66.41,19,956.82
2025-06-26,Google,9486,237,91.51,10,458.37
2025-06-27,Facebook,10692,449,78.85,27,874.22
2025-06-27,Google,10849,259,82.69,20,633.8
2025-06-28,Facebook,10249,400,61.59,26,796.31
2025-06-28,Google,9776,321,62.7,21,1181.87
2025-06-29,Facebook,12189,510,75.65,19,610.84
2025-06-29,Google,11316,190,74.41,8,295.34
2025-06-30,Facebook,10899,307,82.55,11,262.95
2025-06-30,Google,11812,216,114.52,15,512.44
2025-07-01,Facebook,12195,511,94.28,28,858.03
2025-07-01,Google,14090,222,110.22,16,684.48
2025-07-02,Facebook,12200,510,108.82,35,1661.35
2025-07-02,Google,10545,209,96.95,9,461.05
2025-07-03,Facebook,11337,462,76.19,21,680.71
2025-07-03,Google,12519,378,121.99,29,782.75
2025-07-04,Facebook,12044,377,63.46,15,847.32
2025-07-04,Google,12301,340,109.28,17,829.18
2025-07-05,Facebook,11504,467,64.24,29,852.64
2025-07-05,Google,11239,315,85.65,20,485.96
2025-07-06,Facebook,12550,627,73.36,25,1162.86
2025-07-06,Google,10915,374,105.47,22,1139.7
2025-07-07,Facebook,10884,346,89.94,15,353.04
2025-07-07,Google,11240,245,111.56,15,549.7
2025-07-08,Facebook,10920,292,57.07,10,432.31
2025-07-08,Google,12597,422,100.61,31,1172.9
2025-07-09,Facebook,12825,376,82.66,20,456.56
2025-07-09,Google,12702,282,103.38,22,857.59
2025-07-10,Facebook,11266,505,83.16,33,1202.44
2025-07-10,Google,13149,356,112.03,20,515.45
2025-07-11,Facebook,11185,338,88.86,14,563.39
2025-07-11,Google,12187,222,119.91,16,872.83
2025-07-12,Facebook,13330,381,67.11,11,478.1
2025-07-12,Google,10985,264,88.67,10,369.07
2025-07-13,Facebook,11055,478,65.58,29,1262.58
2025-07-13,Google,13671,262,94.97,17,904.36
2025-07-14,Facebook,9746,454,74.82,21,829.84
2025-07-14,Google,10952,209,93.17,11,658.08
2025-07-15,Facebook,9179,359,79.55,22,836.99
2025-07-15,Google,8201,240,68.44,14,387.7
2025-07-16,Facebook,9659,462,61.25,31,1280.99
2025-07-16,Google,11324,312,92.54,14,490.46
2025-07-17,Facebook,11895,430,96.49,16,425.32
2025-07-17,Google,10637,245,103.25,16,588.11
2025-07-18,Facebook,10572,524,81.04,21,912.08
2025-07-18,Google,11642,200,114.83,9,413.29
2025-07-19,Facebook,12587,559,96.84,30,1670.96
2025-07-19,Google,10444,173,76.49,8,476.16
2025-07-20,Facebook,13365,562,78.16,22,687.53
2025-07-20,Google,10760,249,74.65,10,551.76
2025-07-21,Facebook,11500,384,57.83,21,1113.37
2025-07-21,Google,11891,213,78.94,15,669.77
2025-07-22,Facebook,11751,384,76.09,23,1206.06
2025-07-22,Google,11037,253,108.04,14,712.23
2025-07-23,Facebook,12746,607,68.19,40,2120.86
2025-07-23,Google,11553,356,78.6,25,1350.13
2025-07-24,Facebook,11697,307,65.5,15,645.48
2025-07-24,Google,11554,322,70.11,25,544.59
2025-07-25,Facebook,12467,519,103.36,15,625.21
2025-07-25,Google,11734,283,93.82,12,568.53
2025-07-26,Facebook,13511,501,75.63,28,753.07
2025-07-26,Google,11623,377,98.24,17,994.39
2025-07-27,Facebook,10650,433,64.04,26,1370.53
2025-07-27,Google,11640,402,93.21,23,1153.2
2025-07-28,Facebook,11766,454,63.04,21,1136.76
2025-07-28,Google,10296,330,65.86,14,427.11
2025-07-29,Facebook,10958,444,70.4,27,792.39
2025-07-29,Google,11953,332,82.99,22,1208.84
2025-07-30,Facebook,10406,371,58.73,21,1057.45
2025-07-30,Google,11899,203,95.48,14,804.25
2025-07-31,Facebook,12374,475,81.38,30,1191.58
2025-07-31,Google,11623,284,92.53,20,1065.55
2025-08-01,Facebook,9771,364,71.24,14,724.61
2025-08-01,Google,10625,262,77.95,11,325.09
2025-08-02,Facebook,11662,340,79.8,14,299.69
2025-08-02,Google,12117,260,99.07,16,548.2
2025-08-03,Facebook,12408,427,74.86,16,612.97
2025-08-03,Google,11731,354,80.05,24,500.3
2025-08-04,Facebook,13512,452,98.03,17,844.56
2025-08-04,Google,11296,181,106.3,8,439.81
2025-08-05,Facebook,13384,441,115.42,15,407.11
2025-08-05,Google,10750,267,68.02,12,693.01
2025-08-06,Facebook,11724,563,84.17,22,1058.11
2025-08-06,Google,12089,340,120.36,17,797.0
2025-08-07,Facebook,12505,471,77.53,16,502.19
2025-08-07,Google,12543,282,113.2,17,392.69
2025-08-08,Facebook,12622,516,103.59,25,861.67
2025-08-08,Google,11630,199,110.53,14,374.15
2025-08-09,Facebook,8650,351,75.99,18,748.96
2025-08-09,Google,14858,237,92.89,11,234.29
2025-08-10,Facebook,12844,364,107.17,13,416.61
2025-08-10,Google,12938,258,96.9,12,474.7
2025-08-11,Facebook,12029,317,66.99,10,450.34
2025-08-11,Google,11756,189,109.87,11,451.88
2025-08-12,Facebook,10306,308,64.67,16,454.48
2025-08-12,Google,12079,209,119.35,8,416.86
2025-08-13,Facebook,10982,311,61.31,18,822.82
2025-08-13,Google,12961,397,126.37,26,682.09
2025-08-14,Facebook,12558,379,66.43,22,794.22
2025-08-14,Google,11230,375,96.59,16,926.63
2025-08-15,Facebook,10813,379,56.28,18,448.79
2025-08-15,Google,10336,237,76.52,16,834.03
2025-08-16,Facebook,11329,388,63.51,24,1158.94
2025-08-16,Google,10578,198,78.98,8,361.03
2025-08-17,Facebook,11178,441,96.64,23,620.54
2025-08-17,Google,13390,302,125.5,19,874.55
2025-08-18,Facebook,13796,605,102.46,22,1141.73
2025-08-18,Google,12166,357,77.19,20,539.18
2025-08-19,Facebook,13115,531,100.38,33,944.41
2025-08-19,Google,9170,159,86.25,7,412.93
2025-08-20,Facebook,11803,584,63.61,24,1092.7
2025-08-20,Google,13275,292,128.95,12,503.72
2025-08-21,Facebook,13897,436,89.75,27,750.54
2025-08-21,Google,13048,411,107.65,28,1359.24
2025-08-22,Facebook,12192,569,82.03,39,1485.46
2025-08-22,Google,10132,180,76.58,14,459.04
2025-08-23,Facebook,11013,474,68.79,29,1093.48
2025-08-23,Google,11517,284,104.94,15,565.88
2025-08-24,Facebook,10033,382,82.62,16,655.52
2025-08-24,Google,10151,288,71.85,14,802.71
2025-08-25,Facebook,12477,513,63.85,28,1130.65
2025-08-25,Google,13762,356,102.36,15,416.0
2025-08-26,Facebook,11662,427,60.77,13,632.93
2025-08-26,Google,12480,321,100.27,15,746.85
2025-08-27,Facebook,11291,412,69.38,16,732.95
2025-08-27,Google,11255,315,104.65,17,389.7
2025-08-28,Facebook,13717,345,97.02,10,427.69
2025-08-28,Google,12680,423,125.2,26,996.53
2025-08-29,Facebook,11986,319,82.26,12,465.51
2025-08-29,Google,12277,295,102.25,16,425.13
2025-08-30,Facebook,13345,555,84.79,37,2090.07
2025-08-30,Google,11817,226,72.77,15,796.57
2025-08-31,Facebook,12658,325,75.78,15,677.1
2025-08-31,Google,14673,383,131.62,19,809.36
